"8","K02015","iron complex transport system permease protein"
"6","K03701","excinuclease ABC subunit A"
"5","K07052","uncharacterized protein"
"5","K04077","chaperonin GroEL"
"5","K02016","iron complex transport system substrate-binding protein"
"4","K12132","eukaryotic-like serine/threonine-protein kinase [EC:2.7.11.1]"
"4","K11045","cAMP factor"
"4","K08884","serine/threonine protein kinase, bacterial [EC:2.7.11.1]"
"4","K03466","DNA segregation ATPase FtsK/SpoIIIE, S-DNA-T family"
"4","K01915","glutamine synthetase [EC:6.3.1.2]"
"3","K22468","polyphosphate kinase [EC:2.7.4.1]"
"3","K07240","chromate transporter"
"3","K07053","3',5'-nucleoside bisphosphate phosphatase [EC:3.1.3.97]"
"3","K06901","putative MFS transporter, AGZA family, xanthine/uracil permease"
"3","K03642","rare lipoprotein A"
"3","K03545","trigger factor"
"3","K03303","lactate permease"
"3","K03111","single-strand DNA-binding protein"
"3","K03088","RNA polymerase sigma-70 factor, ECF subfamily"
"3","K03073","preprotein translocase subunit SecE"
"3","K02601","transcription termination/antitermination protein NusG"
"3","K02238","competence protein ComEC"
"3","K02109","F-type H+-transporting ATPase subunit b"
"3","K01921","D-alanine-D-alanine ligase [EC:6.3.2.4]"
"3","K01875","seryl-tRNA synthetase [EC:6.1.1.11]"
"3","K01752","L-serine dehydratase [EC:4.3.1.17]"
"3","K01421","putative membrane protein"
"3","K01006","pyruvate, orthophosphate dikinase [EC:2.7.9.1]"
"3","K00982","[glutamine synthetase] adenylyltransferase / [glutamine synthetase]-adenylyl-L-tyrosine phosphorylase [EC:2.7.7.42 2.7.7.89]"
"3","K00873","pyruvate kinase [EC:2.7.1.40]"
"2","K22452","protein-glutamine gamma-glutamyltransferase [EC:2.3.2.13]"
"2","K21600","CsoR family transcriptional regulator, copper-sensing transcriptional repressor"
"2","K18955","WhiB family transcriptional regulator, redox-sensing transcriptional regulator"
"2","K18930","D-lactate dehydrogenase"
"2","K16147","starch synthase (maltosyl-transferring) [EC:2.4.99.16]"
"2","K15371","glutamate dehydrogenase [EC:1.4.1.2]"
"2","K11738","L-asparagine permease"
"2","K09973","uncharacterized protein"
"2","K07646","two-component system, OmpR family, sensor histidine kinase KdpD [EC:2.7.13.3]"
"2","K07566","L-threonylcarbamoyladenylate synthase [EC:2.7.7.87]"
"2","K07497","putative transposase"
"2","K07177","Lon-like protease"
"2","K07164","uncharacterized protein"
"2","K07114","Ca-activated chloride channel homolog"
"2","K07071","uncharacterized protein"
"2","K06994","putative drug exporter of the RND superfamily"
"2","K06958","RNase adapter protein RapZ"
"2","K06888","uncharacterized protein"
"2","K06199","fluoride exporter"
"2","K06153","undecaprenyl-diphosphatase [EC:3.6.1.27]"
"2","K05991","endoglycosylceramidase [EC:3.2.1.123]"
"2","K05794","tellurite resistance protein TerC"
"2","K04759","ferrous iron transport protein B"
"2","K04567","lysyl-tRNA synthetase, class II [EC:6.1.1.6]"
"2","K04561","nitric oxide reductase subunit B [EC:1.7.2.5]"
"2","K04078","chaperonin GroES"
"2","K04066","primosomal protein N' (replication factor Y) (superfamily II helicase) [EC:3.6.4.-]"
"2","K03924","MoxR-like ATPase [EC:3.6.3.-]"
"2","K03820","apolipoprotein N-acyltransferase [EC:2.3.1.269]"
"2","K03710","GntR family transcriptional regulator"
"2","K03705","heat-inducible transcriptional repressor"
"2","K03702","excinuclease ABC subunit B"
"2","K03595","GTPase"
"2","K03544","ATP-dependent Clp protease ATP-binding subunit ClpX"
"2","K03405","magnesium chelatase subunit I [EC:6.6.1.1]"
"2","K03336","3D-(3,5/4)-trihydroxycyclohexane-1,2-dione acylhydrolase (decyclizing) [EC:3.7.1.22]"
"2","K03217","YidC/Oxa1 family membrane protein insertase"
"2","K03118","sec-independent protein translocase protein TatC"
"2","K03070","preprotein translocase subunit SecA [EC:7.4.2.8]"
"2","K02990","small subunit ribosomal protein S6"
"2","K02986","small subunit ribosomal protein S4"
"2","K02950","small subunit ribosomal protein S12"
"2","K02931","large subunit ribosomal protein L5"
"2","K02913","large subunit ribosomal protein L33"
"2","K02902","large subunit ribosomal protein L28"
"2","K02897","large subunit ribosomal protein L25"
"2","K02879","large subunit ribosomal protein L17"
"2","K02876","large subunit ribosomal protein L15"
"2","K02800","PTS system, mannitol-specific IIC component"
"2","K02799","PTS system, mannitol-specific IIB component [EC:2.7.1.197]"
"2","K02783","PTS system, glucitol/sorbitol-specific IIC component"
"2","K02600","transcription termination/antitermination protein NusA"
"2","K02529","LacI family transcriptional regulator"
"2","K02518","translation initiation factor IF-1"
"2","K02492","glutamyl-tRNA reductase [EC:1.2.1.70]"
"2","K02435","aspartyl-tRNA(Asn)/glutamyl-tRNA(Gln) amidotransferase subunit C [EC:6.3.5.6 6.3.5.7]"
"2","K02429","MFS transporter, FHS family, L-fucose permease"
"2","K02342","DNA polymerase III subunit epsilon [EC:2.7.7.7]"
"2","K02110","F-type H+-transporting ATPase subunit c"
"2","K02072","D-methionine transport system permease protein"
"2","K02057","simple sugar transport system permease protein"
"2","K02038","phosphate transport system permease protein"
"2","K02033","peptide/nickel transport system permease protein"
"2","K02027","multiple sugar transport system substrate-binding protein"
"2","K02013","iron complex transport system ATP-binding protein [EC:7.2.2.-]"
"2","K02003","putative ABC transport system ATP-binding protein"
"2","K01990","ABC-2 type transport system ATP-binding protein"
"2","K01972","DNA ligase (NAD+) [EC:6.5.1.2]"
"2","K01923","phosphoribosylaminoimidazole-succinocarboxamide synthase [EC:6.3.2.6]"
"2","K01890","phenylalanyl-tRNA synthetase beta chain [EC:6.1.1.20]"
"2","K01887","arginyl-tRNA synthetase [EC:6.1.1.19]"
"2","K01881","prolyl-tRNA synthetase [EC:6.1.1.15]"
"2","K01880","glycyl-tRNA synthetase [EC:6.1.1.14]"
"2","K01872","alanyl-tRNA synthetase [EC:6.1.1.7]"
"2","K01867","tryptophanyl-tRNA synthetase [EC:6.1.1.2]"
"2","K01818","L-fucose/D-arabinose isomerase [EC:5.3.1.25 5.3.1.3]"
"2","K01812","glucuronate isomerase [EC:5.3.1.12]"
"2","K01810","glucose-6-phosphate isomerase [EC:5.3.1.9]"
"2","K01809","mannose-6-phosphate isomerase [EC:5.3.1.8]"
"2","K01803","triosephosphate isomerase (TIM) [EC:5.3.1.1]"
"2","K01791","UDP-N-acetylglucosamine 2-epimerase (non-hydrolysing) [EC:5.1.3.14]"
"2","K01788","N-acylglucosamine-6-phosphate 2-epimerase [EC:5.1.3.9]"
"2","K01778","diaminopimelate epimerase [EC:5.1.1.7]"
"2","K01719","uroporphyrinogen-III synthase [EC:4.2.1.75]"
"2","K01712","urocanate hydratase [EC:4.2.1.49]"
"2","K01626","3-deoxy-7-phosphoheptulonate synthase [EC:2.5.1.54]"
"2","K01586","diaminopimelate decarboxylase [EC:4.1.1.20]"
"2","K01546","potassium-transporting ATPase potassium-binding subunit"
"2","K01462","peptide deformylase [EC:3.5.1.88]"
"2","K01426","amidase [EC:3.5.1.4]"
"2","K01424","L-asparaginase [EC:3.5.1.1]"
"2","K01358","ATP-dependent Clp protease, protease subunit [EC:3.4.21.92]"
"2","K01265","methionyl aminopeptidase [EC:3.4.11.18]"
"2","K01126","glycerophosphoryl diester phosphodiesterase [EC:3.1.4.46]"
"2","K01056","peptidyl-tRNA hydrolase, PTH1 family [EC:3.1.1.29]"
"2","K01012","biotin synthase [EC:2.8.1.6]"
"2","K00971","mannose-1-phosphate guanylyltransferase [EC:2.7.7.13]"
"2","K00963","UTP--glucose-1-phosphate uridylyltransferase [EC:2.7.7.9]"
"2","K00962","polyribonucleotide nucleotidyltransferase [EC:2.7.7.8]"
"2","K00951","GTP pyrophosphokinase [EC:2.7.6.5]"
"2","K00937","polyphosphate kinase [EC:2.7.4.1]"
"2","K00874","2-dehydro-3-deoxygluconokinase [EC:2.7.1.45]"
"2","K00852","ribokinase [EC:2.7.1.15]"
"2","K00820","glutamine---fructose-6-phosphate transaminase (isomerizing) [EC:2.6.1.16]"
"2","K00728","dolichyl-phosphate-mannose-protein mannosyltransferase [EC:2.4.1.109]"
"2","K00688","glycogen phosphorylase [EC:2.4.1.1]"
"2","K00600","glycine hydroxymethyltransferase [EC:2.1.2.1]"
"2","K00526","ribonucleoside-diphosphate reductase beta chain [EC:1.17.4.1]"
"2","K00426","cytochrome bd ubiquinol oxidase subunit II [EC:7.1.1.7]"
"2","K00425","cytochrome bd ubiquinol oxidase subunit I [EC:7.1.1.7]"
"2","K00370","nitrate reductase / nitrite oxidoreductase, alpha subunit [EC:1.7.5.1 1.7.99.-]"
"2","K00241","succinate dehydrogenase / fumarate reductase, cytochrome b subunit"
"2","K00239","succinate dehydrogenase / fumarate reductase, flavoprotein subunit [EC:1.3.5.1 1.3.5.4]"
"2","K00163","pyruvate dehydrogenase E1 component [EC:1.2.4.1]"
"2","K00111","glycerol-3-phosphate dehydrogenase [EC:1.1.5.3]"
"2","K00099","1-deoxy-D-xylulose-5-phosphate reductoisomerase [EC:1.1.1.267]"
"2","K00029","malate dehydrogenase (oxaloacetate-decarboxylating)(NADP+) [EC:1.1.1.40]"
"1","K23269","phosphoribosylformylglycinamidine synthase subunit PurL [EC:6.3.5.3]"
"1","K23264","phosphoribosylformylglycinamidine synthase subunit PurS [EC:6.3.5.3]"
"1","K23239","FrmR/RcnR family transcriptional regulator, repressor of frmRAB operon"
"1","K23149","5-phospho-D-xylono-1,4-lactonase [EC:3.1.1.104]"
"1","K22348","manganese oxidase [EC:1.16.3.3]"
"1","K22306","glucosyl-3-phosphoglycerate phosphatase [EC:3.1.3.85]"
"1","K22048","mechanosensitive ion channel protein 4/5/6/7/8/9/10"
"1","K22044","moderate conductance mechanosensitive channel"
"1","K21929","uracil-DNA glycosylase [EC:3.2.2.27]"
"1","K21688","resuscitation-promoting factor RpfB"
"1","K21636","ribonucleoside-triphosphate reductase (formate) [EC:1.1.98.6]"
"1","K21471","peptidoglycan DL-endopeptidase CwlO [EC:3.4.-.-]"
"1","K21470","L,D-transpeptidase YcbB"
"1","K21469","serine-type D-Ala-D-Ala carboxypeptidase [EC:3.4.16.4]"
"1","K20265","glutamate:GABA antiporter"
"1","K20074","PPM family protein phosphatase [EC:3.1.3.16]"
"1","K19710","ATP adenylyltransferase [EC:2.7.7.53]"
"1","K19686","ribonuclease VapC [EC:3.1.-.-]"
"1","K19339","NosR/NirI family transcriptional regulator, nitrous oxide reductase regulator"
"1","K19270","sugar-phosphatase [EC:3.1.3.23]"
"1","K19265","L-glyceraldehyde 3-phosphate reductase [EC:1.1.1.-]"
"1","K19221","cob(I)alamin adenosyltransferase [EC:2.5.1.17]"
"1","K18928","L-lactate dehydrogenase complex protein LldE"
"1","K18831","HTH-type transcriptional regulator / antitoxin HigA"
"1","K18698","beta-lactamase class A TEM [EC:3.5.2.6]"
"1","K18682","ribonucrease Y [EC:3.1.-.-]"
"1","K18189","translational activator of cytochrome c oxidase 1"
"1","K17899","D-ornithine 4,5-aminomutase subunit alpha [EC:5.4.3.5]"
"1","K17836","beta-lactamase class A [EC:3.5.2.6]"
"1","K17759","NAD(P)H-hydrate epimerase [EC:5.1.99.6]"
"1","K17758","ADP-dependent NAD(P)H-hydrate dehydratase [EC:4.2.1.136]"
"1","K17490","methylmalonyl-CoA carboxyltransferase 1.3S subunit [EC:2.1.3.1]"
"1","K17321","glycerol transport system substrate-binding protein"
"1","K17315","glucose/mannose transport system substrate-binding protein"
"1","K16925","energy-coupling factor transport system substrate-specific component"
"1","K16870","N-acetylglucosaminyl-diphospho-decaprenol L-rhamnosyltransferase [EC:2.4.1.289]"
"1","K16787","energy-coupling factor transport system ATP-binding protein [EC:3.6.3.-]"
"1","K16786","energy-coupling factor transport system ATP-binding protein [EC:3.6.3.-]"
"1","K16784","biotin transport system ATP-binding protein [EC:3.6.3.-]"
"1","K16783","biotin transport system permease protein"
"1","K16163","maleylpyruvate isomerase [EC:5.2.1.4]"
"1","K16044","scyllo-inositol 2-dehydrogenase (NADP+) [EC:1.1.1.371]"
"1","K15923","alpha-L-fucosidase 2 [EC:3.2.1.51]"
"1","K15581","oligopeptide transport system permease protein"
"1","K15034","ribosome-associated protein"
"1","K14998","surfeit locus 1 family protein"
"1","K14761","ribosome-associated protein"
"1","K14742","tRNA threonylcarbamoyladenosine biosynthesis protein TsaB"
"1","K14347","solute carrier family 10 (sodium/bile acid cotransporter), member 7"
"1","K14335","alpha-1,6-mannosyltransferase [EC:2.4.1.-]"
"1","K14328","regulator of nonsense transcripts 3"
"1","K13993","HSP20 family protein"
"1","K13821","RHH-type transcriptional regulator, proline utilization regulon repressor / proline dehydrogenase / delta 1-pyrroline-5-carboxylate dehydrogenase [EC:1.5.5.2 1.2.1.88]"
"1","K13711","phosphatidylinositol 4-kinase type 2 [EC:2.7.1.67]"
"1","K13573","proteasome accessory factor C"
"1","K13542","uroporphyrinogen III methyltransferase / synthase [EC:2.1.1.107 4.2.1.75]"
"1","K13485","2-oxo-4-hydroxy-4-carboxy-5-ureidoimidazoline decarboxylase [EC:4.1.1.97]"
"1","K13292","phosphatidylglycerol---prolipoprotein diacylglyceryl transferase [EC:2.5.1.145]"
"1","K12583","phosphatidylinositol alpha 1,6-mannosyltransferase [EC:2.4.1.-]"
"1","K12574","ribonuclease J [EC:3.1.-.-]"
"1","K12510","tight adherence protein B"
"1","K12373","hexosaminidase [EC:3.2.1.52]"
"1","K12281","MSHA biogenesis protein MshK"
"1","K11939","inner membrane transporter RhtA"
"1","K11904","type VI secretion system secreted protein VgrG"
"1","K11753","riboflavin kinase / FMN adenylyltransferase [EC:2.7.1.26 2.7.7.2]"
"1","K11752","diaminohydroxyphosphoribosylaminopyrimidine deaminase / 5-amino-6-(5-phosphoribosylamino)uracil reductase [EC:3.5.4.26 1.1.1.193]"
"1","K11733","lysine-specific permease"
"1","K11105","cell volume regulation protein A"
"1","K11068","hemolysin III"
"1","K11065","thiol peroxidase, atypical 2-Cys peroxiredoxin [EC:1.11.1.15]"
"1","K10947","PadR family transcriptional regulator, regulatory protein PadR"
"1","K10946","methane/ammonia monooxygenase subunit C"
"1","K10914","CRP/FNR family transcriptional regulator, cyclic AMP receptor protein"
"1","K10843","DNA excision repair protein ERCC-3 [EC:3.6.4.12]"
"1","K10822","nonpolar-amino-acid-transporting ATPase [EC:7.4.2.2]"
"1","K10200","N-acetylglucosamine transport system substrate-binding protein"
"1","K10107","capsular polysaccharide transport system permease protein"
"1","K09992","uncharacterized protein"
"1","K09930","uncharacterized protein"
"1","K09924","uncharacterized protein"
"1","K09822","uncharacterized protein"
"1","K09819","manganese/iron transport system permease protein"
"1","K09812","cell division transport system ATP-binding protein"
"1","K09811","cell division transport system permease protein"
"1","K09791","uncharacterized protein"
"1","K09772","cell division inhibitor SepF"
"1","K09762","uncharacterized protein"
"1","K09761","16S rRNA (uracil1498-N3)-methyltransferase [EC:2.1.1.193]"
"1","K09760","DNA recombination protein RmuC"
"1","K09748","ribosome maturation factor RimP"
"1","K09747","uncharacterized protein"
"1","K09710","ribosome-associated protein"
"1","K09704","uncharacterized protein"
"1","K09539","DnaJ homolog subfamily C member 19"
"1","K09158","uncharacterized protein"
"1","K09125","uncharacterized protein"
"1","K09013","Fe-S cluster assembly ATP-binding protein"
"1","K09009","uncharacterized protein"
"1","K08999","uncharacterized protein"
"1","K08986","putative membrane protein"
"1","K08744","cardiolipin synthase (CMP-forming) [EC:2.7.8.41]"
"1","K08681","5'-phosphate synthase pdxT subunit [EC:4.3.3.6]"
"1","K08676","tricorn protease [EC:3.4.21.-]"
"1","K08368","MFS transporter, putative metabolite transport protein"
"1","K08316","16S rRNA (guanine966-N2)-methyltransferase [EC:2.1.1.171]"
"1","K08311","putative (di)nucleoside polyphosphate hydrolase [EC:3.6.1.-]"
"1","K08296","phosphohistidine phosphatase [EC:3.1.3.-]"
"1","K08281","nicotinamidase/pyrazinamidase [EC:3.5.1.19 3.5.1.-]"
"1","K08086","pilus assembly protein FimV"
"1","K07742","uncharacterized protein"
"1","K07738","transcriptional repressor NrdR"
"1","K07735","putative transcriptional regulator"
"1","K07693","two-component system, NarL family, response regulator DesR"
"1","K07670","two-component system, OmpR family, response regulator MtrA"
"1","K07657","two-component system, OmpR family, phosphate regulon response regulator PhoB"
"1","K07577","putative mRNA 3-end processing factor"
"1","K07560","D-aminoacyl-tRNA deacylase [EC:3.1.1.96]"
"1","K07507","putative Mg2+ transporter-C (MgtC) family protein"
"1","K07503","endonuclease [EC:3.1.-.-]"
"1","K07492","putative transposase"
"1","K07481","transposase, IS5 family"
"1","K07480","insertion element IS1 protein InsB"
"1","K07478","putative ATPase"
"1","K07460","putative endonuclease"
"1","K07447","putative holliday junction resolvase [EC:3.1.-.-]"
"1","K07442","tRNA (adenine57-N1/adenine58-N1)-methyltransferase catalytic subunit [EC:2.1.1.219 2.1.1.220]"
"1","K07399","cytochrome c biogenesis protein"
"1","K07391","magnesium chelatase family protein"
"1","K07340","inner membrane protein"
"1","K07335","basic membrane protein A and related proteins"
"1","K07308","anaerobic dimethyl sulfoxide reductase subunit C"
"1","K07305","peptide-methionine (R)-S-oxide reductase [EC:1.8.4.12]"
"1","K07304","peptide-methionine (S)-S-oxide reductase [EC:1.8.4.11]"
"1","K07273","lysozyme"
"1","K07259","serine-type D-Ala-D-Ala carboxypeptidase/endopeptidase (penicillin-binding protein 4) [EC:3.4.16.4 3.4.21.-]"
"1","K07245","copper resistance protein D"
"1","K07215","heme oxygenase (biliverdin-IX-beta and delta-forming) [EC:1.14.99.58]"
"1","K07168","CBS domain-containing membrane protein"
"1","K07133","uncharacterized protein"
"1","K07107","acyl-CoA thioester hydrolase [EC:3.1.2.-]"
"1","K07106","N-acetylmuramic acid 6-phosphate etherase [EC:4.2.1.126]"
"1","K07101","uncharacterized protein"
"1","K07098","uncharacterized protein"
"1","K07090","uncharacterized protein"
"1","K07089","uncharacterized protein"
"1","K07082","UPF0755 protein"
"1","K07056","16S rRNA (cytidine1402-2'-O)-methyltransferase [EC:2.1.1.198]"
"1","K07043","uncharacterized protein"
"1","K07042","probable rRNA maturation factor"
"1","K07040","uncharacterized protein"
"1","K07009","uncharacterized protein"
"1","K07005","uncharacterized protein"
"1","K07004","uncharacterized protein"
"1","K06997","PLP dependent protein"
"1","K06976","uncharacterized protein"
"1","K06949","ribosome biogenesis GTPase / thiamine phosphate phosphatase [EC:3.6.1.- 3.1.3.100]"
"1","K06941","23S rRNA (adenine2503-C2)-methyltransferase [EC:2.1.1.192]"
"1","K06938","uncharacterized protein"
"1","K06911","uncharacterized protein"
"1","K06910","uncharacterized protein"
"1","K06902","MFS transporter, UMF1 family"
"1","K06891","ATP-dependent Clp protease adaptor protein ClpS"
"1","K06877","DEAD/DEAH box helicase domain-containing protein"
"1","K06726","D-ribose pyranase [EC:5.4.99.62]"
"1","K06609","MFS transporter, SP family, major inositol transporter"
"1","K06346","spoIIIJ-associated protein"
"1","K06218","mRNA interferase RelE/StbE"
"1","K06217","phosphate starvation-inducible protein PhoH and related proteins"
"1","K06215","pyridoxal 5'-phosphate synthase pdxS subunit [EC:4.3.3.6]"
"1","K06213","magnesium transporter"
"1","K06201","copper homeostasis protein"
"1","K06200","carbon starvation protein"
"1","K06196","cytochrome c-type biogenesis protein"
"1","K06190","intracellular septation protein"
"1","K06187","recombination protein RecR"
"1","K06177","tRNA pseudouridine32 synthase / 23S rRNA pseudouridine746 synthase [EC:5.4.99.28 5.4.99.29]"
"1","K06168","tRNA-2-methylthio-N6-dimethylallyladenosine synthase [EC:2.8.4.3]"
"1","K06140","regulator of nucleoside diphosphate kinase"
"1","K06133","4'-phosphopantetheinyl transferase [EC:2.7.8.-]"
"1","K06131","cardiolipin synthase A/B [EC:2.7.8.-]"
"1","K06077","outer membrane lipoprotein SlyB"
"1","K06042","precorrin-8X/cobalt-precorrin-8 methylmutase [EC:5.4.99.61 5.4.99.60]"
"1","K05936","precorrin-4/cobalt-precorrin-4 C11-methyltransferase [EC:2.1.1.133 2.1.1.271]"
"1","K05896","segregation and condensation protein A"
"1","K05895","precorrin-6A/cobalt-precorrin-6A reductase [EC:1.3.1.54 1.3.1.106]"
"1","K05878","phosphoenolpyruvate---glycerone phosphotransferase subunit DhaK [EC:2.7.1.121]"
"1","K05847","osmoprotectant transport system ATP-binding protein [EC:7.6.2.9]"
"1","K05846","osmoprotectant transport system permease protein"
"1","K05845","osmoprotectant transport system substrate-binding protein"
"1","K05838","putative thioredoxin"
"1","K05808","putative sigma-54 modulation protein"
"1","K05710","3-phenylpropionate/trans-cinnamate dioxygenase ferredoxin component"
"1","K05602","histidinol-phosphatase [EC:3.1.3.15]"
"1","K05524","ferredoxin"
"1","K05522","endonuclease VIII [EC:3.2.2.- 4.2.99.18]"
"1","K05520","protease I [EC:3.5.1.124]"
"1","K05343","maltose alpha-D-glucosyltransferase / alpha-amylase [EC:5.4.99.16 3.2.1.1]"
"1","K05342","alpha,alpha-trehalose phosphorylase [EC:2.4.1.64]"
"1","K04762","ribosome-associated heat shock protein Hsp15"
"1","K04761","LysR family transcriptional regulator, hydrogen peroxide-inducible genes activator"
"1","K04758","ferrous iron transport protein A"
"1","K04719","5,6-dimethylbenzimidazole synthase [EC:1.13.11.79]"
"1","K04517","prephenate dehydrogenase [EC:1.3.1.12]"
"1","K04488","nitrogen fixation protein NifU and related proteins"
"1","K04487","cysteine desulfurase [EC:2.8.1.7]"
"1","K04485","DNA repair protein RadA/Sms"
"1","K04096","DNA processing protein"
"1","K04092","chorismate mutase [EC:5.4.99.5]"
"1","K04063","lipoyl-dependent peroxidase"
"1","K04042","bifunctional UDP-N-acetylglucosamine pyrophosphorylase / Glucosamine-1-phosphate N-acetyltransferase [EC:2.7.7.23 2.3.1.157]"
"1","K03980","putative peptidoglycan lipid II flippase"
"1","K03979","GTPase [EC:3.6.5.-]"
"1","K03977","GTPase"
"1","K03976","Cys-tRNA(Pro)/Cys-tRNA(Cys) deacylase [EC:3.1.1.-]"
"1","K03975","membrane-associated protein"
"1","K03973","phage shock protein C"
"1","K03969","phage shock protein A"
"1","K03925","MraZ protein"
"1","K03890","ubiquinol-cytochrome c reductase iron-sulfur subunit"
"1","K03885","NADH dehydrogenase [EC:1.6.99.3]"
"1","K03855","ferredoxin like protein"
"1","K03823","phosphinothricin acetyltransferase [EC:2.3.1.183]"
"1","K03811","nicotinamide mononucleotide transporter"
"1","K03801","lipoyl(octanoyl) transferase [EC:2.3.1.181]"
"1","K03798","cell division protease FtsH [EC:3.4.24.-]"
"1","K03795","sirohydrochlorin cobaltochelatase [EC:4.99.1.3]"
"1","K03790","[ribosomal protein S5]-alanine N-acetyltransferase [EC:2.3.1.267]"
"1","K03789","[ribosomal protein S18]-alanine N-acetyltransferase [EC:2.3.1.266]"
"1","K03786","3-dehydroquinate dehydratase II [EC:4.2.1.10]"
"1","K03782","catalase-peroxidase [EC:1.11.1.21]"
"1","K03781","catalase [EC:1.11.1.6]"
"1","K03778","D-lactate dehydrogenase [EC:1.1.1.28]"
"1","K03761","MFS transporter, MHS family, alpha-ketoglutarate permease"
"1","K03758","arginine:ornithine antiporter / lysine permease"
"1","K03750","molybdopterin molybdotransferase [EC:2.10.1.1]"
"1","K03748","SanA protein"
"1","K03737","pyruvate-ferredoxin/flavodoxin oxidoreductase [EC:1.2.7.1 1.2.7.-]"
"1","K03727","ATP-dependent RNA helicase HelY [EC:3.6.4.-]"
"1","K03723","transcription-repair coupling factor (superfamily II helicase) [EC:3.6.4.-]"
"1","K03722","ATP-dependent DNA helicase DinG [EC:3.6.4.12]"
"1","K03709","DtxR family transcriptional regulator, Mn-dependent transcriptional regulator"
"1","K03704","cold shock protein"
"1","K03699","putative hemolysin"
"1","K03687","molecular chaperone GrpE"
"1","K03665","GTPase"
"1","K03657","DNA helicase II / ATP-dependent DNA helicase PcrA [EC:3.6.4.12]"
"1","K03655","ATP-dependent DNA helicase RecG [EC:3.6.4.12]"
"1","K03652","DNA-3-methyladenine glycosylase [EC:3.2.2.21]"
"1","K03648","uracil-DNA glycosylase [EC:3.2.2.27]"
"1","K03644","lipoyl synthase [EC:2.8.1.8]"
"1","K03639","GTP 3',8-cyclase [EC:4.1.99.22]"
"1","K03637","cyclic pyranopterin monophosphate synthase [EC:4.6.1.17]"
"1","K03636","sulfur-carrier protein"
"1","K03635","molybdopterin synthase catalytic subunit [EC:2.8.1.12]"
"1","K03634","outer membrane lipoprotein carrier protein"
"1","K03628","transcription termination factor Rho"
"1","K03625","transcription antitermination protein NusB"
"1","K03624","transcription elongation factor GreA"
"1","K03611","disulfide bond formation protein DsbB"
"1","K03603","GntR family transcriptional regulator, negative regulator for fad regulon and positive regulator of fabA"
"1","K03602","exodeoxyribonuclease VII small subunit [EC:3.1.11.6]"
"1","K03601","exodeoxyribonuclease VII large subunit [EC:3.1.11.6]"
"1","K03593","ATP-binding protein involved in chromosome partitioning"
"1","K03584","DNA repair protein RecO (recombination protein O)"
"1","K03583","exodeoxyribonuclease V gamma subunit [EC:3.1.11.5]"
"1","K03578","ATP-dependent helicase HrpA [EC:3.6.4.13]"
"1","K03575","A/G-specific adenine glycosylase [EC:3.2.2.31]"
"1","K03565","regulatory protein"
"1","K03558","membrane protein required for colicin V production"
"1","K03553","recombination protein RecA"
"1","K03551","holliday junction DNA helicase RuvB [EC:3.6.4.12]"
"1","K03550","holliday junction DNA helicase RuvA [EC:3.6.4.12]"
"1","K03549","KUP system potassium uptake protein"
"1","K03527","4-hydroxy-3-methylbut-2-en-1-yl diphosphate reductase [EC:1.17.7.4]"
"1","K03526","(E)-4-hydroxy-3-methylbut-2-enyl-diphosphate synthase [EC:1.17.7.1 1.17.7.3]"
"1","K03524","BirA family transcriptional regulator, biotin operon repressor / biotin---[acetyl-CoA-carboxylase] ligase [EC:6.3.4.15]"
"1","K03523","biotin transport system substrate-specific component"
"1","K03522","electron transfer flavoprotein alpha subunit"
"1","K03521","electron transfer flavoprotein beta subunit"
"1","K03501","16S rRNA (guanine527-N7)-methyltransferase [EC:2.1.1.170]"
"1","K03499","trk system potassium uptake protein"
"1","K03497","ParB family transcriptional regulator, chromosome partitioning protein"
"1","K03475","PTS system, ascorbate-specific IIC component"
"1","K03469","ribonuclease HI [EC:3.1.26.4]"
"1","K03438","16S rRNA (cytosine1402-N4)-methyltransferase [EC:2.1.1.199]"
"1","K03433","proteasome beta subunit [EC:3.4.25.1]"
"1","K03427","type I restriction enzyme M protein [EC:2.1.1.72]"
"1","K03426","NAD+ diphosphatase [EC:3.6.1.22]"
"1","K03414","chemotaxis protein CheZ"
"1","K03406","methyl-accepting chemotaxis protein"
"1","K03394","precorrin-2/cobalt-factor-2 C20-methyltransferase [EC:2.1.1.130 2.1.1.151]"
"1","K03387","alkyl hydroperoxide reductase subunit F [EC:1.6.4.-]"
"1","K03385","nitrite reductase (cytochrome c-552) [EC:1.7.2.2]"
"1","K03337","5-deoxy-glucuronate isomerase [EC:5.3.1.30]"
"1","K03335","inosose dehydratase [EC:4.2.1.44]"
"1","K03311","branched-chain amino acid:cation transporter, LIVCS family"
"1","K03308","neurotransmitter:Na+ symporter, NSS family"
"1","K03307","solute:Na+ symporter, SSS family"
"1","K03306","inorganic phosphate transporter, PiT family"
"1","K03305","proton-dependent oligopeptide transporter, POT family"
"1","K03290","MFS transporter, SHS family, sialic acid transporter"
"1","K03282","large conductance mechanosensitive channel"
"1","K03210","preprotein translocase subunit YajC"
"1","K03189","urease accessory protein"
"1","K03168","DNA topoisomerase I [EC:5.6.2.1]"
"1","K03152","protein deglycase [EC:3.5.1.124]"
"1","K03110","fused signal recognition particle receptor"
"1","K03101","signal peptidase II [EC:3.4.23.36]"
"1","K03100","signal peptidase I [EC:3.4.21.89]"
"1","K03092","RNA polymerase sigma-54 factor"
"1","K03086","RNA polymerase primary sigma factor"
"1","K03079","L-ribulose-5-phosphate 3-epimerase [EC:5.1.3.22]"
"1","K03078","3-dehydro-L-gulonate-6-phosphate decarboxylase [EC:4.1.1.85]"
"1","K03077","L-ribulose-5-phosphate 4-epimerase [EC:5.1.3.4]"
"1","K03076","preprotein translocase subunit SecY"
"1","K03046","DNA-directed RNA polymerase subunit beta' [EC:2.7.7.6]"
"1","K03043","DNA-directed RNA polymerase subunit beta [EC:2.7.7.6]"
"1","K03040","DNA-directed RNA polymerase subunit alpha [EC:2.7.7.6]"
"1","K02996","small subunit ribosomal protein S9"
"1","K02994","small subunit ribosomal protein S8"
"1","K02988","small subunit ribosomal protein S5"
"1","K02982","small subunit ribosomal protein S3"
"1","K02968","small subunit ribosomal protein S20"
"1","K02963","small subunit ribosomal protein S18"
"1","K02961","small subunit ribosomal protein S17"
"1","K02959","small subunit ribosomal protein S16"
"1","K02956","small subunit ribosomal protein S15"
"1","K02954","small subunit ribosomal protein S14"
"1","K02952","small subunit ribosomal protein S13"
"1","K02945","small subunit ribosomal protein S1"
"1","K02939","large subunit ribosomal protein L9"
"1","K02933","large subunit ribosomal protein L6"
"1","K02926","large subunit ribosomal protein L4"
"1","K02919","large subunit ribosomal protein L36"
"1","K02916","large subunit ribosomal protein L35"
"1","K02909","large subunit ribosomal protein L31"
"1","K02906","large subunit ribosomal protein L3"
"1","K02904","large subunit ribosomal protein L29"
"1","K02892","large subunit ribosomal protein L23"
"1","K02888","large subunit ribosomal protein L21"
"1","K02886","large subunit ribosomal protein L2"
"1","K02881","large subunit ribosomal protein L18"
"1","K02878","large subunit ribosomal protein L16"
"1","K02864","large subunit ribosomal protein L10"
"1","K02863","large subunit ribosomal protein L1"
"1","K02860","16S rRNA processing protein RimM"
"1","K02834","ribosome-binding factor A"
"1","K02823","dihydroorotate dehydrogenase electron transfer subunit"
"1","K02821","PTS system, ascorbate-specific IIA component [EC:2.7.1.194]"
"1","K02782","PTS system, glucitol/sorbitol-specific IIB component [EC:2.7.1.198]"
"1","K02781","PTS system, glucitol/sorbitol-specific IIA component [EC:2.7.1.198]"
"1","K02775","PTS system, galactitol-specific IIC component"
"1","K02774","PTS system, galactitol-specific IIB component [EC:2.7.1.200]"
"1","K02761","PTS system, cellobiose-specific IIC component"
"1","K02760","PTS system, cellobiose-specific IIB component [EC:2.7.1.196 2.7.1.205]"
"1","K02759","PTS system, cellobiose-specific IIA component [EC:2.7.1.196 2.7.1.205]"
"1","K02757","PTS system, beta-glucoside-specific IIC component"
"1","K02756","PTS system, beta-glucoside-specific IIB component [EC:2.7.1.-]"
"1","K02755","PTS system, beta-glucoside-specific IIA component [EC:2.7.1.-]"
"1","K02674","type IV pilus assembly protein PilY1"
"1","K02610","ring-1,2-phenylacetyl-CoA epoxidase subunit PaaB"
"1","K02564","glucosamine-6-phosphate deaminase [EC:3.5.99.6]"
"1","K02553","regulator of ribonuclease activity A"
"1","K02551","2-succinyl-5-enolpyruvyl-6-hydroxy-3-cyclohexene-1-carboxylate synthase [EC:2.2.1.9]"
"1","K02549","O-succinylbenzoate synthase [EC:4.2.1.113]"
"1","K02548","1,4-dihydroxy-2-naphthoate polyprenyltransferase [EC:2.5.1.74]"
"1","K02520","translation initiation factor IF-3"
"1","K02519","translation initiation factor IF-2"
"1","K02500","imidazole glycerol-phosphate synthase subunit HisF [EC:4.3.2.10]"
"1","K02493","release factor glutamine methyltransferase [EC:2.1.1.297]"
"1","K02483","two-component system, OmpR family, response regulator"
"1","K02457","general secretion pathway protein H"
"1","K02433","aspartyl-tRNA(Asn)/glutamyl-tRNA(Gln) amidotransferase subunit A [EC:6.3.5.6 6.3.5.7]"
"1","K02431","L-fucose mutarotase [EC:5.1.3.29]"
"1","K02428","XTP/dITP diphosphohydrolase [EC:3.6.1.66]"
"1","K02406","flagellin"
"1","K02357","elongation factor Ts"
"1","K02356","elongation factor P"
"1","K02351","putative membrane protein"
"1","K02348","ElaA protein"
"1","K02346","DNA polymerase IV [EC:2.7.7.7]"
"1","K02343","DNA polymerase III subunit gamma/tau [EC:2.7.7.7]"
"1","K02341","DNA polymerase III subunit delta' [EC:2.7.7.7]"
"1","K02340","DNA polymerase III subunit delta [EC:2.7.7.7]"
"1","K02338","DNA polymerase III subunit beta [EC:2.7.7.7]"
"1","K02316","DNA primase [EC:2.7.7.101]"
"1","K02314","replicative DNA helicase [EC:3.6.4.12]"
"1","K02313","chromosomal replication initiator protein"
"1","K02297","cytochrome o ubiquinol oxidase subunit II [EC:7.1.1.3]"
"1","K02275","cytochrome c oxidase subunit II [EC:1.9.3.1]"
"1","K02259","cytochrome c oxidase assembly protein subunit 15"
"1","K02233","adenosylcobinamide-GDP ribazoletransferase [EC:2.7.8.26]"
"1","K02227","adenosylcobinamide-phosphate synthase [EC:6.3.1.10]"
"1","K02221","YggT family protein"
"1","K02217","ferritin [EC:1.16.3.2]"
"1","K02128","F-type H+-transporting ATPase subunit c"
"1","K02115","F-type H+-transporting ATPase subunit gamma"
"1","K02114","F-type H+-transporting ATPase subunit epsilon"
"1","K02112","F-type H+/Na+-transporting ATPase subunit beta [EC:7.1.2.2 7.2.2.1]"
"1","K02108","F-type H+-transporting ATPase subunit a"
"1","K02073","D-methionine transport system substrate-binding protein"
"1","K02069","putative ABC transport system permease protein"
"1","K02067","phospholipid/cholesterol/gamma-HCH transport system substrate-binding protein"
"1","K02036","phosphate transport system ATP-binding protein [EC:7.3.2.1]"
"1","K02031","peptide/nickel transport system ATP-binding protein"
"1","K02026","multiple sugar transport system permease protein"
"1","K02019","molybdate transport system regulatory protein"
"1","K02009","cobalt/nickel transport protein"
"1","K02007","cobalt/nickel transport system permease protein"
"1","K02004","putative ABC transport system permease protein"
"1","K02002","glycine betaine/proline transport system substrate-binding protein"
"1","K02001","glycine betaine/proline transport system permease protein"
"1","K01956","carbamoyl-phosphate synthase small subunit [EC:6.3.5.5]"
"1","K01951","GMP synthase (glutamine-hydrolysing) [EC:6.3.5.2]"
"1","K01945","phosphoribosylamine---glycine ligase [EC:6.3.4.13]"
"1","K01940","argininosuccinate synthase [EC:6.3.4.5]"
"1","K01939","adenylosuccinate synthase [EC:6.3.4.4]"
"1","K01937","CTP synthase [EC:6.3.4.2]"
"1","K01934","5-formyltetrahydrofolate cyclo-ligase [EC:6.3.3.2]"
"1","K01928","UDP-N-acetylmuramoyl-L-alanyl-D-glutamate--2,6-diaminopimelate ligase [EC:6.3.2.13]"
"1","K01925","UDP-N-acetylmuramoylalanine--D-glutamate ligase [EC:6.3.2.9]"
"1","K01918","pantoate--beta-alanine ligase [EC:6.3.2.1]"
"1","K01916","NAD+ synthase [EC:6.3.1.5]"
"1","K01903","succinyl-CoA synthetase beta subunit [EC:6.2.1.5]"
"1","K01897","long-chain acyl-CoA synthetase [EC:6.2.1.3]"
"1","K01889","phenylalanyl-tRNA synthetase alpha chain [EC:6.1.1.20]"
"1","K01885","glutamyl-tRNA synthetase [EC:6.1.1.17]"
"1","K01876","aspartyl-tRNA synthetase [EC:6.1.1.12]"
"1","K01874","methionyl-tRNA synthetase [EC:6.1.1.10]"
"1","K01869","leucyl-tRNA synthetase [EC:6.1.1.4]"
"1","K01868","threonyl-tRNA synthetase [EC:6.1.1.3]"
"1","K01866","tyrosyl-tRNA synthetase [EC:6.1.1.1]"
"1","K01854","UDP-galactopyranose mutase [EC:5.4.99.9]"
"1","K01823","isopentenyl-diphosphate Delta-isomerase [EC:5.3.3.2]"
"1","K01814","phosphoribosylformimino-5-aminoimidazole carboxamide ribotide isomerase [EC:5.3.1.16]"
"1","K01808","ribose 5-phosphate isomerase B [EC:5.3.1.6]"
"1","K01804","L-arabinose isomerase [EC:5.3.1.4]"
"1","K01792","glucose-6-phosphate 1-epimerase [EC:5.1.3.15]"
"1","K01785","aldose 1-epimerase [EC:5.1.3.3]"
"1","K01784","UDP-glucose 4-epimerase [EC:5.1.3.2]"
"1","K01776","glutamate racemase [EC:5.1.1.3]"
"1","K01775","alanine racemase [EC:5.1.1.1]"
"1","K01772","protoporphyrin/coproporphyrin ferrochelatase [EC:4.99.1.1 4.99.1.9]"
"1","K01756","adenylosuccinate lyase [EC:4.3.2.2]"
"1","K01755","argininosuccinate lyase [EC:4.3.2.1]"
"1","K01749","hydroxymethylbilane synthase [EC:2.5.1.61]"
"1","K01736","chorismate synthase [EC:4.2.3.5]"
"1","K01733","threonine synthase [EC:4.2.3.1]"
"1","K01727","hyaluronate lyase [EC:4.2.2.1]"
"1","K01711","GDPmannose 4,6-dehydratase [EC:4.2.1.47]"
"1","K01698","porphobilinogen synthase [EC:4.2.1.24]"
"1","K01695","tryptophan synthase alpha chain [EC:4.2.1.20]"
"1","K01689","enolase [EC:4.2.1.11]"
"1","K01686","mannonate dehydratase [EC:4.2.1.8]"
"1","K01662","1-deoxy-D-xylulose-5-phosphate synthase [EC:2.2.1.7]"
"1","K01649","2-isopropylmalate synthase [EC:2.3.3.13]"
"1","K01647","citrate synthase [EC:2.3.3.1]"
"1","K01640","hydroxymethylglutaryl-CoA lyase [EC:4.1.3.4]"
"1","K01637","isocitrate lyase [EC:4.1.3.1]"
"1","K01633","7,8-dihydroneopterin aldolase/epimerase/oxygenase [EC:4.1.2.25 5.1.99.8 1.13.11.81]"
"1","K01628","L-fuculose-phosphate aldolase [EC:4.1.2.17]"
"1","K01625","2-dehydro-3-deoxyphosphogluconate aldolase / (4S)-4-hydroxy-2-oxoglutarate aldolase [EC:4.1.2.14 4.1.3.42]"
"1","K01624","fructose-bisphosphate aldolase, class II [EC:4.1.2.13]"
"1","K01619","deoxyribose-phosphate aldolase [EC:4.1.2.4]"
"1","K01607","4-carboxymuconolactone decarboxylase [EC:4.1.1.44]"
"1","K01599","uroporphyrinogen decarboxylase [EC:4.1.1.37]"
"1","K01591","orotidine-5'-phosphate decarboxylase [EC:4.1.1.23]"
"1","K01589","5-(carboxyamino)imidazole ribonucleotide synthase [EC:6.3.4.18]"
"1","K01588","5-(carboxyamino)imidazole ribonucleotide mutase [EC:5.4.99.18]"
"1","K01548","potassium-transporting ATPase KdpC subunit"
"1","K01545","potassium-transporting ATPase KdpF subunit"
"1","K01524","exopolyphosphatase / guanosine-5'-triphosphate,3'-diphosphate pyrophosphatase [EC:3.6.1.11 3.6.1.40]"
"1","K01520","dUTP pyrophosphatase [EC:3.6.1.23]"
"1","K01507","inorganic pyrophosphatase [EC:3.6.1.1]"
"1","K01496","phosphoribosyl-AMP cyclohydrolase [EC:3.5.4.19]"
"1","K01495","GTP cyclohydrolase IA [EC:3.5.4.16]"
"1","K01489","cytidine deaminase [EC:3.5.4.5]"
"1","K01478","arginine deiminase [EC:3.5.3.6]"
"1","K01468","imidazolonepropionase [EC:3.5.2.7]"
"1","K01443","N-acetylglucosamine-6-phosphate deacetylase [EC:3.5.1.25]"
"1","K01259","proline iminopeptidase [EC:3.4.11.5]"
"1","K01243","adenosylhomocysteine nucleosidase [EC:3.2.2.9]"
"1","K01239","purine nucleosidase [EC:3.2.2.1]"
"1","K01227","mannosyl-glycoprotein endo-beta-N-acetylglucosaminidase [EC:3.2.1.96]"
"1","K01214","isoamylase [EC:3.2.1.68]"
"1","K01206","alpha-L-fucosidase [EC:3.2.1.51]"
"1","K01190","beta-galactosidase [EC:3.2.1.23]"
"1","K01186","sialidase-1 [EC:3.2.1.18]"
"1","K01167","ribonuclease T1 [EC:3.1.27.3]"
"1","K01159","crossover junction endodeoxyribonuclease RuvC [EC:3.1.22.4]"
"1","K01151","deoxyribonuclease IV [EC:3.1.21.2]"
"1","K01129","dGTPase [EC:3.1.5.1]"
"1","K01114","phospholipase C [EC:3.1.4.3]"
"1","K01104","protein-tyrosine phosphatase [EC:3.1.3.48]"
"1","K01079","phosphoserine phosphatase [EC:3.1.3.3]"
"1","K01060","cephalosporin-C deacetylase [EC:3.1.1.41]"
"1","K00997","holo-[acyl-carrier protein] synthase [EC:2.7.8.7]"
"1","K00995","CDP-diacylglycerol---glycerol-3-phosphate 3-phosphatidyltransferase [EC:2.7.8.5]"
"1","K00991","2-C-methyl-D-erythritol 4-phosphate cytidylyltransferase [EC:2.7.7.60]"
"1","K00989","ribonuclease PH [EC:2.7.7.56]"
"1","K00981","phosphatidate cytidylyltransferase [EC:2.7.7.41]"
"1","K00954","pantetheine-phosphate adenylyltransferase [EC:2.7.7.3]"
"1","K00950","2-amino-4-hydroxy-6-hydroxymethyldihydropteridine diphosphokinase [EC:2.7.6.3]"
"1","K00948","ribose-phosphate pyrophosphokinase [EC:2.7.6.1]"
"1","K00945","CMP/dCMP kinase [EC:2.7.4.25]"
"1","K00939","adenylate kinase [EC:2.7.4.3]"
"1","K00928","aspartate kinase [EC:2.7.2.4]"
"1","K00927","phosphoglycerate kinase [EC:2.7.2.3]"
"1","K00926","carbamate kinase [EC:2.7.2.2]"
"1","K00895","diphosphate-dependent phosphofructokinase [EC:2.7.1.90]"
"1","K00891","shikimate kinase [EC:2.7.1.71]"
"1","K00886","polyphosphate glucokinase [EC:2.7.1.63]"
"1","K00882","1-phosphofructokinase [EC:2.7.1.56]"
"1","K00872","homoserine kinase [EC:2.7.1.39]"
"1","K00868","pyridoxine kinase [EC:2.7.1.35]"
"1","K00867","type I pantothenate kinase [EC:2.7.1.33]"
"1","K00865","glycerate 2-kinase [EC:2.7.1.165]"
"1","K00859","dephospho-CoA kinase [EC:2.7.1.24]"
"1","K00857","thymidine kinase [EC:2.7.1.21]"
"1","K00853","L-ribulokinase [EC:2.7.1.16]"
"1","K00833","adenosylmethionine---8-amino-7-oxononanoate aminotransferase [EC:2.6.1.62]"
"1","K00831","phosphoserine aminotransferase [EC:2.6.1.52]"
"1","K00817","histidinol-phosphate aminotransferase [EC:2.6.1.9]"
"1","K00800","3-phosphoshikimate 1-carboxyvinyltransferase [EC:2.5.1.19]"
"1","K00798","cob(I)alamin adenosyltransferase [EC:2.5.1.17]"
"1","K00796","dihydropteroate synthase [EC:2.5.1.15]"
"1","K00794","6,7-dimethyl-8-ribityllumazine synthase [EC:2.5.1.78]"
"1","K00793","riboflavin synthase [EC:2.5.1.9]"
"1","K00791","tRNA dimethylallyltransferase [EC:2.5.1.75]"
"1","K00790","UDP-N-acetylglucosamine 1-carboxyvinyltransferase [EC:2.5.1.7]"
"1","K00789","S-adenosylmethionine synthetase [EC:2.5.1.6]"
"1","K00782","L-lactate dehydrogenase complex protein LldG"
"1","K00773","queuine tRNA-ribosyltransferase [EC:2.4.2.29]"
"1","K00768","nicotinate-nucleotide--dimethylbenzimidazole phosphoribosyltransferase [EC:2.4.2.21]"
"1","K00765","ATP phosphoribosyltransferase [EC:2.4.2.17]"
"1","K00762","orotate phosphoribosyltransferase [EC:2.4.2.10]"
"1","K00760","hypoxanthine phosphoribosyltransferase [EC:2.4.2.8]"
"1","K00759","adenine phosphoribosyltransferase [EC:2.4.2.7]"
"1","K00705","4-alpha-glucanotransferase [EC:2.4.1.25]"
"1","K00684","leucyl/phenylalanyl-tRNA---protein transferase [EC:2.3.2.6]"
"1","K00674","2,3,4,5-tetrahydropyridine-2,6-dicarboxylate N-succinyltransferase [EC:2.3.1.117]"
"1","K00658","2-oxoglutarate dehydrogenase E2 component (dihydrolipoamide succinyltransferase) [EC:2.3.1.61]"
"1","K00655","1-acyl-sn-glycerol-3-phosphate acyltransferase [EC:2.3.1.51]"
"1","K00648","3-oxoacyl-[acyl-carrier-protein] synthase III [EC:2.3.1.180]"
"1","K00626","acetyl-CoA C-acetyltransferase [EC:2.3.1.9]"
"1","K00620","glutamate N-acetyltransferase / amino-acid N-acetyltransferase [EC:2.3.1.35 2.3.1.1]"
"1","K00615","transketolase [EC:2.2.1.1]"
"1","K00613","glycine amidinotransferase [EC:2.1.4.1]"
"1","K00609","aspartate carbamoyltransferase catalytic subunit [EC:2.1.3.2]"
"1","K00605","aminomethyltransferase [EC:2.1.2.10]"
"1","K00602","phosphoribosylaminoimidazolecarboxamide formyltransferase / IMP cyclohydrolase [EC:2.1.2.3 3.5.4.10]"
"1","K00563","23S rRNA (guanine745-N1)-methyltransferase [EC:2.1.1.187]"
"1","K00560","thymidylate synthase [EC:2.1.1.45]"
"1","K00413","ubiquinol-cytochrome c reductase cytochrome c1 subunit"
"1","K00384","thioredoxin reductase (NADPH) [EC:1.8.1.9]"
"1","K00382","dihydrolipoamide dehydrogenase [EC:1.8.1.4]"
"1","K00373","nitrate reductase molybdenum cofactor assembly chaperone NarJ/NarW"
"1","K00371","nitrate reductase / nitrite oxidoreductase, beta subunit [EC:1.7.5.1 1.7.99.-]"
"1","K00368","nitrite reductase (NO-forming) [EC:1.7.2.1]"
"1","K00340","NADH-quinone oxidoreductase subunit K [EC:7.1.1.2]"
"1","K00338","NADH-quinone oxidoreductase subunit I [EC:7.1.1.2]"
"1","K00334","NADH-quinone oxidoreductase subunit E [EC:7.1.1.2]"
"1","K00332","NADH-quinone oxidoreductase subunit C [EC:7.1.1.2]"
"1","K00324","H+-translocating NAD(P) transhydrogenase subunit alpha [EC:1.6.1.2 7.1.1.1]"
"1","K00313","electron transfer flavoprotein-quinone oxidoreductase [EC:1.5.5.-]"
"1","K00297","methylenetetrahydrofolate reductase (NADPH) [EC:1.5.1.20]"
"1","K00287","dihydrofolate reductase [EC:1.5.1.3]"
"1","K00286","pyrroline-5-carboxylate reductase [EC:1.5.1.2]"
"1","K00281","glycine dehydrogenase [EC:1.4.4.2]"
"1","K00262","glutamate dehydrogenase (NADP+) [EC:1.4.1.4]"
"1","K00259","alanine dehydrogenase [EC:1.4.1.1]"
"1","K00174","2-oxoglutarate/2-oxoacid ferredoxin oxidoreductase subunit alpha [EC:1.2.7.3 1.2.7.11]"
"1","K00172","pyruvate ferredoxin oxidoreductase gamma subunit [EC:1.2.7.1]"
"1","K00134","glyceraldehyde 3-phosphate dehydrogenase [EC:1.2.1.12]"
"1","K00112","glycerol-3-phosphate dehydrogenase subunit B [EC:1.1.5.3]"
"1","K00096","glycerol-1-phosphate dehydrogenase [NAD(P)+] [EC:1.1.1.261]"
"1","K00077","2-dehydropantoate 2-reductase [EC:1.1.1.169]"
"1","K00075","UDP-N-acetylmuramate dehydrogenase [EC:1.3.1.98]"
"1","K00067","dTDP-4-dehydrorhamnose reductase [EC:1.1.1.133]"
"1","K00064","D-threo-aldose 1-dehydrogenase [EC:1.1.1.122]"
"1","K00059","3-oxoacyl-[acyl-carrier protein] reductase [EC:1.1.1.100]"
"1","K00058","D-3-phosphoglycerate dehydrogenase / 2-oxoglutarate reductase [EC:1.1.1.95 1.1.1.399]"
"1","K00033","6-phosphogluconate dehydrogenase [EC:1.1.1.44 1.1.1.343]"
"1","K00024","malate dehydrogenase [EC:1.1.1.37]"
"1","K00014","shikimate dehydrogenase [EC:1.1.1.25]"
"1","K00013","histidinol dehydrogenase [EC:1.1.1.23]"
"1","K00012","UDPglucose 6-dehydrogenase [EC:1.1.1.22]"
"1","K00010","myo-inositol 2-dehydrogenase / D-chiro-inositol 1-dehydrogenase [EC:1.1.1.18 1.1.1.369]"
